<?xml version="1.0" encoding="UTF-8" standalone="yes"?>
<addon id="repository.terminator" name="Arni Repo" version="0.0.1" provider-name="arnoski">
	<extension point="xbmc.addon.repository" name="Arni Repo">
		<dir>
			<info compressed="false">https://raw.githubusercontent.com/noobsandnerds/modules4all/master/zips/addons.xml</info>
			<checksum>https://raw.githubusercontent.com/noobsandnerds/modules4all/master/zips/addons.xml.md5</checksum>
			<datadir zip="true">https://raw.githubusercontent.com/noobsandnerds/modules4all/master/zips/</datadir>
		</dir>
		<info compressed="false">https://raw.githubusercontent.com/arnoski/repository.terminator/master/zips/addons.xml</info>
		<checksum>https://raw.githubusercontent.com/arnoski/repository.terminator/master/zips/addons.xml.md5</checksum>
		<datadir zip="true">https://raw.githubusercontent.com/arnoski/repository.terminator/master/zips/</datadir>
	</extension>
	<extension point="xbmc.addon.metadata">
		<summary lang="en">test repo</summary>
		<description lang="en">test repo</description>
		<genre>livetv</genre>
	</extension>
</addon>